JobTitle,Gender,Age,PerfEval,Education,Dept,Seniority,Salary,Bonus,Require_level,ID_employee
Graphic Designer,Female,18,5,College,Operations,2,"42,363","9,938",Junior,6789
Warehouse Associate,Female,19,4,PhD,Administration,5,"90,208","9,268",medium,6790
IT,Female,20,5,PhD,Operations,4,"70,890","10,126",medium,6791
Graphic Designer,Female,20,5,College,Sales,4,"67,585","10,541",medium,6792
Graphic Designer,Female,33,5,High School,Engineering,5,"112,976","9,836",medium,6793
Sales Associate,Female,35,5,College,Engineering,5,"106,524","9,941",medium,6794
Driver,Female,18,5,College,Management,3,"62,759","10,124",medium,6795
Financial Analyst,Female,19,5,College,Sales,3,"84,007","8,990",medium,6796
Warehouse Associate,Female,30,5,Masters,Administration,5,"86,220","9,583",medium,6797
Warehouse Associate,Female,35,5,PhD,Operations,4,"95,584","9,745",medium,6798
Marketing Associate,Female,27,5,PhD,Management,3,"73,357","10,334",medium,6799
Financial Analyst,Female,23,5,PhD,Administration,5,"88,422","10,768",medium,6800
Warehouse Associate,Female,24,5,College,Administration,5,"99,545","9,949",medium,6801
Data Scientist,Female,30,5,College,Engineering,5,"92,067","9,838",medium,6802
Driver,Female,35,5,College,Management,1,"72,038","9,031",Junior,6803
Graphic Designer,Female,26,5,College,Engineering,2,"71,182","10,015",Junior,6804
IT,Female,38,5,College,Administration,5,"112,392","10,504",medium,6805
Marketing Associate,Female,26,5,PhD,Operations,4,"80,306","9,233",medium,6806
Data Scientist,Female,22,5,High School,Engineering,3,"74,523","9,972",medium,6807
Data Scientist,Female,45,5,PhD,Management,5,"113,252","10,139",medium,6808
IT,Female,33,5,College,Management,4,"84,638","9,409",medium,6809
Data Scientist,Female,21,5,PhD,Operations,3,"70,643","10,033",medium,6810
Graphic Designer,Female,26,5,PhD,Sales,6,"74,167","10,346",senior,6811
IT,Female,22,5,High School,Sales,4,"102,120","10,215",medium,6812
Marketing Associate,Female,35,5,PhD,Engineering,5,"97,376","9,564",medium,6813
Data Scientist,Female,33,5,Masters,Sales,2,"89,415","9,654",Junior,6814
Software Engineer,Female,22,4,Masters,Operations,3,"88,037","8,949",medium,6815
Data Scientist,Female,24,4,College,Administration,4,"71,105","8,623",medium,6816
Driver,Female,31,5,High School,Engineering,2,"62,692","8,886",Junior,6817
Data Scientist,Female,49,5,College,Operations,3,"71,193","8,331",medium,6818
Marketing Associate,Female,20,5,Masters,Administration,6,"76,286","9,479",senior,6819
Warehouse Associate,Female,41,5,College,Operations,2,"82,453","9,564",Junior,6820
Sales Associate,Female,33,5,High School,Engineering,3,"83,034","8,841",medium,6821
Warehouse Associate,Female,53,5,College,Engineering,5,"127,085","9,687",medium,6822
Sales Associate,Female,31,5,College,Management,1,"52,633","9,516",Junior,6823
Warehouse Associate,Female,31,4,PhD,Operations,5,"101,154","10,324",medium,6824
Financial Analyst,Female,42,5,College,Engineering,5,"113,640","8,762",medium,6825
Marketing Associate,Female,23,5,PhD,Administration,3,"46,263","9,432",medium,6826
Warehouse Associate,Female,36,4,College,Management,3,"74,938","8,234",medium,6827
Marketing Associate,Female,39,5,College,Sales,5,"103,384","9,168",medium,6828
Warehouse Associate,Female,39,5,College,Engineering,2,"77,584","9,798",Junior,6829
Warehouse Associate,Female,25,3,Masters,Engineering,6,"80,192","8,747",senior,6830
Data Scientist,Female,32,5,PhD,Engineering,1,"46,693","8,457",Junior,6831
IT,Female,48,5,PhD,Operations,3,"88,152","8,857",medium,6832
Data Scientist,Female,38,5,Masters,Administration,5,"127,156","9,979",medium,6833
Financial Analyst,Female,36,5,Masters,Administration,3,"92,622","8,509",medium,6834
Marketing Associate,Female,34,5,Masters,Engineering,1,"51,331","9,130",Junior,6835
Driver,Female,21,4,Masters,Sales,4,"77,032","8,725",medium,6836
Financial Analyst,Female,47,5,High School,Sales,5,"146,190","8,961",medium,6837
Graphic Designer,Female,22,4,Masters,Administration,4,"96,045","9,129",medium,6838
Marketing Associate,Female,34,5,High School,Sales,6,"96,061","9,093",senior,6839
Warehouse Associate,Female,48,5,College,Management,5,"111,342","10,122",medium,6840
Financial Analyst,Female,43,5,PhD,Management,3,"117,554","8,369",medium,6841
Financial Analyst,Female,30,5,High School,Engineering,5,"109,369","10,052",medium,6842
Warehouse Associate,Female,25,4,Masters,Operations,4,"92,358","9,611",medium,6843
Financial Analyst,Female,21,4,Masters,Operations,4,"91,978","8,647",medium,6844
Marketing Associate,Female,29,4,Masters,Administration,5,"89,822","8,818",medium,6845
Warehouse Associate,Female,51,5,High School,Management,3,"87,684","8,645",medium,6846
Marketing Associate,Female,40,5,Masters,Administration,3,"62,040","8,056",medium,6847
Sales Associate,Female,52,5,Masters,Engineering,2,"84,132","7,204",Junior,6848
Financial Analyst,Female,29,4,Masters,Administration,4,"88,047","8,459",medium,6849
Driver,Female,37,5,Masters,Administration,2,"65,012","8,357",Junior,6850
Marketing Associate,Female,23,4,Masters,Engineering,4,"59,251","8,596",medium,6851
Graphic Designer,Female,18,4,PhD,Operations,3,"78,462","8,743",medium,6852
Driver,Female,18,4,Masters,Administration,2,"42,722","8,515",Junior,6853
Marketing Associate,Female,26,4,College,Management,3,"63,695","8,897",medium,6854
IT,Female,26,5,College,Administration,2,"53,956","9,454",Junior,6855
IT,Female,49,5,College,Management,3,"108,495","8,668",medium,6856
Financial Analyst,Female,27,4,High School,Administration,4,"87,608","7,511",medium,6857
Marketing Associate,Female,44,5,High School,Sales,1,"57,469","7,539",Junior,6858
Driver,Female,24,4,High School,Administration,5,"91,049","10,375",medium,6859
Manager,Female,32,5,PhD,Operations,1,"98,519","8,943",Junior,6860
Marketing Associate,Female,36,4,High School,Operations,5,"91,713","7,627",medium,6861
Warehouse Associate,Female,41,4,Masters,Engineering,3,"88,994","8,873",medium,6862
Financial Analyst,Female,43,5,High School,Sales,6,"113,180","9,089",senior,6863
Software Engineer,Female,28,3,PhD,Engineering,4,"103,763","8,383",medium,6864
Warehouse Associate,Female,19,4,College,Sales,2,"64,844","9,042",Junior,6865
Driver,Female,61,5,PhD,Sales,4,"129,132","8,472",medium,6866
Warehouse Associate,Female,57,5,High School,Engineering,3,"93,470","8,578",medium,6867
Graphic Designer,Female,52,5,College,Administration,1,"66,529","7,067",Junior,6868
Data Scientist,Female,48,5,Masters,Management,1,"100,115","7,679",Junior,6869
Warehouse Associate,Female,57,5,PhD,Administration,2,"86,423","8,058",Junior,6870
Data Scientist,Female,53,5,Masters,Engineering,5,"133,495","8,552",medium,6871
Sales Associate,Female,35,4,PhD,Sales,1,"84,844","7,205",Junior,6872
Graphic Designer,Female,51,5,College,Operations,3,"108,241","8,602",medium,6873
Warehouse Associate,Female,51,5,High School,Sales,3,"106,478","8,744",medium,6874
Marketing Associate,Female,33,5,High School,Operations,2,"46,903","8,130",Junior,6875
Marketing Associate,Female,27,5,High School,Management,1,"44,325","8,867",Junior,6876
Marketing Associate,Female,20,3,PhD,Sales,5,"60,070","8,273",medium,6877
IT,Female,29,4,Masters,Management,3,"72,542","8,109",medium,6878
IT,Female,30,4,Masters,Engineering,6,"80,981","8,201",senior,6879
IT,Female,42,5,College,Operations,2,"83,499","8,950",Junior,6880
Driver,Female,42,4,Masters,Management,4,"106,788","8,974",medium,6881
Warehouse Associate,Female,50,4,Masters,Engineering,5,"108,922","8,477",medium,6882
IT,Female,43,5,PhD,Administration,5,"127,062","9,619",medium,6883
Marketing Associate,Female,33,5,High School,Engineering,1,"49,830","8,543",Junior,6884
Marketing Associate,Female,24,3,Masters,Operations,5,"82,338","7,414",medium,6885
Marketing Associate,Female,37,4,PhD,Administration,3,"86,036","7,567",medium,6886
Financial Analyst,Female,52,5,High School,Engineering,2,"100,070","7,169",Junior,6887
Sales Associate,Female,53,4,Masters,Operations,5,"129,609","7,392",medium,6888
Driver,Female,51,5,College,Operations,1,"72,827","7,285",Junior,6889
Graphic Designer,Female,44,4,High School,Administration,4,"100,416","7,513",medium,6890
Data Scientist,Female,32,4,College,Management,4,"78,623","9,012",medium,6891
Warehouse Associate,Female,63,5,High School,Sales,2,"106,158","7,654",Junior,6892
Graphic Designer,Female,37,4,College,Engineering,4,"89,411","9,522",medium,6893
Marketing Associate,Female,64,5,PhD,Sales,2,"95,687","7,279",Junior,6894
Graphic Designer,Female,39,4,PhD,Operations,5,"120,294","8,090",medium,6895
Financial Analyst,Female,39,5,College,Operations,1,"76,773","7,278",Junior,6896
Data Scientist,Female,37,4,Masters,Engineering,2,"98,010","8,210",Junior,6897
Data Scientist,Female,39,4,PhD,Management,3,"91,099","8,306",medium,6898
Marketing Associate,Female,64,5,PhD,Sales,5,"128,970","7,346",medium,6899
Warehouse Associate,Female,51,4,High School,Management,5,"121,376","7,832",medium,6900
Driver,Female,28,4,High School,Management,1,"64,008","7,185",Junior,6901
Financial Analyst,Female,48,4,Masters,Management,5,"129,406","7,280",medium,6902
IT,Female,34,5,College,Operations,1,"54,245","8,245",Junior,6903
Marketing Associate,Female,27,4,High School,Administration,5,"67,530","9,311",medium,6904
Graphic Designer,Female,31,4,College,Engineering,2,"81,826","8,375",Junior,6905
Software Engineer,Female,27,4,High School,Operations,1,"65,711","7,789",Junior,6906
Driver,Female,41,5,Masters,Administration,1,"73,801","8,317",Junior,6907
Sales Associate,Female,62,5,College,Operations,2,"93,268","7,657",Junior,6908
Graphic Designer,Female,48,4,College,Administration,4,"103,133","7,793",medium,6909
Marketing Associate,Female,20,4,College,Sales,4,"69,254","8,609",medium,6910
Data Scientist,Female,61,5,Masters,Management,2,"97,000","7,757",Junior,6911
Financial Analyst,Female,30,4,High School,Operations,2,"40,341","7,320",Junior,6912
IT,Female,46,5,PhD,Sales,3,"102,247","8,307",medium,6913
Warehouse Associate,Female,37,3,High School,Engineering,5,"92,722","8,010",medium,6914
Sales Associate,Female,51,5,Masters,Management,1,"72,120","9,084",Junior,6915
Warehouse Associate,Female,28,4,Masters,Operations,1,"62,260","7,740",Junior,6916
Data Scientist,Female,29,4,High School,Engineering,3,"84,021","9,111",medium,6917
Warehouse Associate,Female,19,4,High School,Operations,1,"37,026","8,636",Junior,6918
Data Scientist,Female,31,4,High School,Operations,2,"55,954","7,999",Junior,6919
Graphic Designer,Female,58,4,PhD,Sales,3,"108,820","7,776",medium,6920
IT,Female,41,5,High School,Operations,3,"100,014","8,621",medium,6921
Sales Associate,Female,34,3,High School,Sales,4,"108,288","7,491",medium,6922
Financial Analyst,Female,30,4,Masters,Administration,5,"114,007","9,248",medium,6923
Warehouse Associate,Female,47,4,College,Administration,2,"94,973","7,885",Junior,6924
IT,Female,22,4,Masters,Sales,1,"37,780","8,443",Junior,6925
IT,Female,65,5,Masters,Administration,4,"121,210","7,949",medium,6926
Graphic Designer,Female,49,4,PhD,Engineering,2,"95,169","7,415",Junior,6927
Driver,Female,39,4,PhD,Operations,2,"75,901","7,402",Junior,6928
Sales Associate,Female,40,4,Masters,Operations,5,"92,276","9,551",medium,6929
Driver,Female,21,2,College,Engineering,5,"92,458","6,966",medium,6930
Marketing Associate,Female,27,4,High School,Sales,4,"87,435","9,230",medium,6931
Graphic Designer,Female,65,5,High School,Operations,4,"130,251","7,750",medium,6932
Manager,Female,34,3,Masters,Management,2,"106,560","7,257",Junior,6933
Warehouse Associate,Female,34,4,High School,Sales,1,"56,172","7,739",Junior,6934
Marketing Associate,Female,35,4,Masters,Sales,2,"58,807","7,316",Junior,6935
Financial Analyst,Female,49,4,Masters,Sales,4,"126,626","7,144",medium,6936
Manager,Female,24,3,PhD,Sales,3,"104,202","8,456",medium,6937
Driver,Female,52,4,College,Administration,2,"78,750","6,666",Junior,6938
Warehouse Associate,Female,38,3,College,Administration,5,"93,306","8,265",medium,6939
Sales Associate,Female,29,3,PhD,Operations,2,"56,745","6,495",Junior,6940
Data Scientist,Female,29,4,College,Operations,1,"59,458","7,939",Junior,6941
Driver,Female,18,2,Masters,Sales,4,"71,824","6,397",medium,6942
Warehouse Associate,Female,22,2,High School,Sales,5,"91,568","7,139",medium,6943
Marketing Associate,Female,50,5,PhD,Administration,1,"81,995","7,840",Junior,6944
Graphic Designer,Female,27,4,PhD,Sales,1,"66,125","8,465",Junior,6945
Sales Associate,Female,57,5,Masters,Operations,3,"98,321","8,980",medium,6946
Manager,Female,62,4,Masters,Sales,6,"155,203","7,808",senior,6947
Data Scientist,Female,29,3,High School,Management,4,"73,306","7,765",medium,6948
Warehouse Associate,Female,22,3,College,Sales,4,"76,865","8,145",medium,6949
Graphic Designer,Female,59,4,PhD,Management,4,"125,770","8,013",medium,6950
Financial Analyst,Female,36,4,High School,Administration,7,"119,931","8,400",senior,6951
Marketing Associate,Female,55,4,Masters,Operations,1,"71,794","6,685",Junior,6952
Driver,Female,54,4,College,Management,2,"87,998","7,028",Junior,6953
Sales Associate,Female,31,3,High School,Operations,3,"77,275","7,089",medium,6954
Driver,Female,58,4,High School,Sales,5,"130,720","7,246",medium,6955
Software Engineer,Female,41,4,PhD,Sales,1,"86,675","7,947",Junior,6956
Graphic Designer,Female,22,3,College,Operations,2,"56,954","7,550",Junior,6957
Software Engineer,Female,28,3,College,Engineering,5,"112,491","8,727",medium,6958
Marketing Associate,Female,22,4,PhD,Operations,1,"36,548","8,090",Junior,6959
Driver,Female,62,4,PhD,Engineering,1,"88,781","6,413",Junior,6960
Data Scientist,Female,45,3,Masters,Sales,5,"129,226","6,912",medium,6961
Manager,Female,60,4,PhD,Management,3,"160,614","8,354",medium,6962
Sales Associate,Female,28,3,PhD,Sales,3,"89,570","7,411",medium,6963
Marketing Associate,Female,41,4,College,Sales,3,"73,989","8,780",medium,6964
Financial Analyst,Female,35,4,Masters,Management,7,"67,762","7,449",senior,6965
Driver,Female,38,3,Masters,Management,2,"77,751","6,554",Junior,6966
Data Scientist,Female,57,4,High School,Management,1,"87,150","6,814",Junior,6967
Driver,Female,19,2,College,Sales,2,"79,291","5,000",Junior,6968
Driver,Female,31,3,Masters,Engineering,2,"57,070","6,615",Junior,6969
Marketing Associate,Female,49,4,College,Sales,4,"102,201","7,640",medium,6970
Marketing Associate,Female,24,3,PhD,Operations,4,"57,782","7,144",medium,6971
Marketing Associate,Female,38,2,High School,Management,5,"71,772","5,764",medium,6972
Marketing Associate,Female,53,5,College,Administration,1,"66,438","6,935",Junior,6973
Marketing Associate,Female,57,4,College,Operations,3,"79,674","6,993",medium,6974
Marketing Associate,Female,45,3,College,Engineering,4,"85,161","6,682",medium,6975
Warehouse Associate,Female,34,2,PhD,Management,5,"114,479","6,700",medium,6976
Data Scientist,Female,33,3,High School,Administration,3,"71,946","6,386",medium,6977
Marketing Associate,Female,23,3,PhD,Administration,3,"62,054","6,955",medium,6978
Warehouse Associate,Female,24,3,High School,Management,1,"64,624","8,253",Junior,6979
Sales Associate,Female,47,3,College,Administration,4,"105,410","6,363",medium,6980
Warehouse Associate,Female,42,3,Masters,Engineering,1,"90,005","6,631",Junior,6981
Marketing Associate,Female,50,5,High School,Operations,1,"70,374","7,466",Junior,6982
Marketing Associate,Female,49,4,PhD,Operations,5,"104,355","7,555",medium,6983
IT,Female,49,4,College,Engineering,1,"75,811","5,520",Junior,6984
Graphic Designer,Female,22,2,Masters,Operations,4,"107,025","6,577",medium,6985
Data Scientist,Female,20,3,High School,Engineering,1,"40,056","7,632",Junior,6986
IT,Female,45,4,College,Operations,2,"70,846","7,404",Junior,6987
Marketing Associate,Female,34,3,High School,Sales,5,"79,707","7,196",medium,6988
Financial Analyst,Female,20,3,High School,Operations,3,"62,377","6,999",medium,6989
IT,Female,38,4,High School,Sales,2,"75,932","7,003",Junior,6990
Marketing Associate,Female,36,3,PhD,Sales,3,"82,755","7,325",medium,6991
Warehouse Associate,Female,19,2,Masters,Administration,2,"78,021","6,970",Junior,6992
Financial Analyst,Female,46,4,College,Administration,4,"116,758","7,744",medium,6993
Marketing Associate,Female,49,5,High School,Sales,2,"96,500","8,092",Junior,6994
Marketing Associate,Female,34,4,College,Administration,1,"49,632","7,169",Junior,6995
Driver,Female,45,3,PhD,Management,3,"76,700","7,242",medium,6996
Graphic Designer,Female,26,2,Masters,Administration,5,"100,516","6,737",medium,6997
Sales Associate,Female,47,3,College,Engineering,2,"84,935","6,122",Junior,6998
Driver,Female,56,4,PhD,Sales,3,"101,249","7,329",medium,6999
Manager,Female,45,2,High School,Management,5,"144,146","6,340",medium,7000
Marketing Associate,Female,46,4,PhD,Sales,2,"69,268","7,106",Junior,7001
Sales Associate,Female,63,4,PhD,Engineering,3,"127,561","7,552",medium,7002
Marketing Associate,Female,36,3,Masters,Sales,3,"77,223","5,272",medium,7003
Warehouse Associate,Female,41,3,College,Engineering,3,"92,080","6,897",medium,7004
Graphic Designer,Female,55,3,College,Sales,5,"118,762","6,545",medium,7005
Sales Associate,Female,21,2,College,Operations,5,"85,398","7,113",medium,7006
Data Scientist,Female,55,3,Masters,Administration,4,"123,172","5,797",medium,7007
Data Scientist,Female,46,3,College,Administration,3,"107,476","6,182",medium,7008
Marketing Associate,Female,18,3,High School,Engineering,2,"34,208","6,620",Junior,7009
Data Scientist,Female,34,3,PhD,Administration,7,"82,345","7,211",senior,7010
Marketing Associate,Female,24,3,High School,Engineering,3,"49,303","6,615",medium,7011
IT,Female,46,4,High School,Operations,3,"98,456","7,177",medium,7012
Manager,Female,53,4,High School,Operations,3,"129,885","7,314",medium,7013
Financial Analyst,Female,63,4,Masters,Operations,1,"97,797","5,239",Junior,7014
Sales Associate,Female,30,3,High School,Administration,4,"91,566","6,996",medium,7015
Sales Associate,Female,61,3,PhD,Management,4,"131,608","6,537",medium,7016
Financial Analyst,Female,36,3,College,Engineering,2,"65,750","6,177",Junior,7017
Marketing Associate,Female,49,4,Masters,Sales,3,"76,806","6,662",medium,7018
Warehouse Associate,Female,22,1,PhD,Operations,5,"114,733","6,290",medium,7019
Driver,Female,21,1,PhD,Management,4,"89,170","6,722",medium,7020
Driver,Female,52,4,High School,Operations,1,"78,751","6,258",Junior,7021
IT,Female,36,3,PhD,Management,3,"75,518","6,711",medium,7022
Marketing Associate,Female,18,2,Masters,Management,5,"75,294","6,496",medium,7023
Graphic Designer,Female,63,3,College,Management,5,"127,608","6,558",medium,7024
Financial Analyst,Female,43,3,College,Sales,5,"116,069","6,432",medium,7025
Driver,Female,50,3,High School,Engineering,2,"86,122","6,295",Junior,7026
Warehouse Associate,Female,22,2,Masters,Sales,2,"68,300","5,953",Junior,7027
Financial Analyst,Female,50,3,PhD,Operations,2,"94,590","5,327",Junior,7028
Sales Associate,Female,33,2,College,Engineering,4,"87,418","6,430",medium,7029
Graphic Designer,Female,37,2,Masters,Management,3,"104,082","5,477",medium,7030
IT,Female,43,3,Masters,Management,4,"94,354","7,052",medium,7031
Data Scientist,Female,57,4,PhD,Sales,1,"90,713","6,552",Junior,7032
Manager,Female,41,3,PhD,Management,1,"113,009","6,812",Junior,7033
Marketing Associate,Female,55,4,High School,Administration,2,"72,030","5,569",Junior,7034
Driver,Female,20,1,College,Management,3,"66,203","5,627",medium,7035
Driver,Female,34,2,High School,Management,3,"67,210","5,662",medium,7036
Manager,Female,32,2,PhD,Management,2,"115,383","5,878",Junior,7037
Graphic Designer,Female,49,3,PhD,Engineering,4,"120,697","7,205",medium,7038
Data Scientist,Female,49,3,College,Engineering,4,"125,770","7,301",medium,7039
Data Scientist,Female,37,2,College,Sales,5,"97,846","7,198",medium,7040
Sales Associate,Female,24,2,Masters,Management,3,"76,522","6,900",medium,7041
Sales Associate,Female,35,2,College,Management,4,"87,131","6,356",medium,7042
IT,Female,37,3,High School,Sales,2,"56,656","5,914",Junior,7043
IT,Female,42,3,High School,Engineering,2,"70,157","6,016",Junior,7044
Data Scientist,Female,41,2,PhD,Engineering,2,"98,366","6,398",Junior,7045
Data Scientist,Female,33,3,College,Sales,1,"73,798","6,224",Junior,7046
Marketing Associate,Female,52,3,High School,Sales,3,"94,763","5,668",medium,7047
Financial Analyst,Female,23,2,College,Administration,5,"101,534","6,861",medium,7048
Sales Associate,Female,19,1,College,Management,4,"90,426","5,020",medium,7049
IT,Female,62,4,College,Operations,2,"99,369","6,746",Junior,7050
Graphic Designer,Female,40,3,College,Operations,1,"55,845","6,616",Junior,7051
Financial Analyst,Female,26,3,College,Administration,2,"48,570","6,604",Junior,7052
Data Scientist,Female,57,3,Masters,Operations,3,"113,274","6,186",medium,7053
Marketing Associate,Female,46,3,College,Management,3,"86,241","5,814",medium,7054
Driver,Female,55,3,PhD,Operations,2,"100,433","5,090",Junior,7055
Marketing Associate,Female,62,3,PhD,Operations,5,"123,242","5,453",medium,7056
Sales Associate,Female,32,2,PhD,Administration,2,"87,585","6,476",Junior,7057
IT,Female,18,2,Masters,Sales,1,"45,747","4,890",Junior,7058
Marketing Associate,Female,41,3,High School,Administration,2,"36,972","7,058",Junior,7059
Sales Associate,Female,29,3,High School,Management,3,"64,754","7,377",medium,7060
IT,Female,44,2,PhD,Operations,5,"132,267","5,679",medium,7061
Marketing Associate,Female,54,3,PhD,Engineering,5,"112,507","7,460",medium,7062
Marketing Associate,Female,64,4,College,Sales,5,"100,316","6,010",medium,7063
IT,Female,62,4,College,Management,3,"111,120","6,536",medium,7064
Data Scientist,Female,36,3,High School,Operations,3,"76,523","7,122",medium,7065
Driver,Female,50,3,College,Operations,2,"91,160","5,863",Junior,7066
Financial Analyst,Female,18,2,High School,Operations,2,"66,935","6,508",Junior,7067
Data Scientist,Female,55,2,Masters,Sales,5,"138,365","5,359",medium,7068
Marketing Associate,Female,45,2,High School,Management,2,"59,006","5,876",Junior,7069
Marketing Associate,Female,45,3,Masters,Sales,3,"74,305","7,126",medium,7070
Marketing Associate,Female,30,3,Masters,Administration,1,"38,451","5,562",Junior,7071
Graphic Designer,Female,48,1,High School,Operations,5,"113,465","3,846",medium,7072
Sales Associate,Female,27,2,College,Operations,2,"66,377","5,803",Junior,7073
Graphic Designer,Female,20,1,Masters,Operations,4,"55,569","5,236",medium,7074
Manager,Female,25,1,Masters,Management,5,"119,033","6,381",medium,7075
Marketing Associate,Female,65,3,Masters,Administration,5,"106,315","5,618",medium,7076
IT,Female,28,1,PhD,Sales,5,"105,598","5,380",medium,7077
Financial Analyst,Female,23,1,High School,Management,4,"78,084","5,598",medium,7078
Graphic Designer,Female,18,2,College,Administration,1,"41,603","6,092",Junior,7079
Driver,Female,47,2,Masters,Operations,2,"78,002","5,175",Junior,7080
Sales Associate,Female,44,2,High School,Engineering,3,"81,866","5,183",medium,7081
Data Scientist,Female,39,3,Masters,Operations,3,"91,711","6,775",medium,7082
Marketing Associate,Female,50,3,Masters,Sales,5,"93,805","6,044",medium,7083
Marketing Associate,Female,58,3,Masters,Operations,5,"109,931","5,878",medium,7084
Marketing Associate,Female,42,2,College,Administration,5,"88,365","4,668",medium,7085
Warehouse Associate,Female,44,3,High School,Administration,1,"79,334","6,505",Junior,7086
Financial Analyst,Female,58,3,PhD,Engineering,1,"98,512","4,548",Junior,7087
Data Scientist,Female,33,2,High School,Operations,4,"78,910","5,927",medium,7088
Warehouse Associate,Female,42,1,PhD,Operations,5,"125,574","5,688",medium,7089
Warehouse Associate,Female,45,1,High School,Administration,5,"106,963","5,084",medium,7090
IT,Female,26,1,PhD,Sales,5,"111,770","5,345",medium,7091
Marketing Associate,Female,26,2,High School,Operations,3,"57,672","6,476",medium,7092
Graphic Designer,Female,35,2,High School,Engineering,5,"97,768","7,233",medium,7093
Graphic Designer,Female,50,3,Masters,Administration,1,"76,103","5,173",Junior,7094
Warehouse Associate,Female,59,2,College,Management,2,"93,441","5,499",Junior,7095
Data Scientist,Female,55,3,PhD,Administration,1,"108,366","5,108",Junior,7096
Warehouse Associate,Female,55,2,PhD,Administration,3,"85,453","5,135",medium,7097
Data Scientist,Female,48,2,College,Administration,3,"79,765","5,329",medium,7098
Financial Analyst,Female,63,3,PhD,Engineering,3,"129,683","5,754",medium,7099
Financial Analyst,Female,20,1,College,Management,2,"76,908","4,756",Junior,7100
Financial Analyst,Female,53,3,High School,Management,1,"93,696","5,029",Junior,7101
Sales Associate,Female,46,2,Masters,Management,2,"83,095","5,284",Junior,7102
IT,Female,26,2,College,Sales,3,"81,325","5,647",medium,7103
Warehouse Associate,Female,62,2,PhD,Engineering,2,"102,106","5,195",Junior,7104
Graphic Designer,Female,43,1,PhD,Engineering,1,"80,635","4,322",Junior,7105
Marketing Associate,Female,32,2,College,Sales,3,"73,404","5,038",medium,7106
Graphic Designer,Female,57,2,Masters,Sales,5,"133,741","4,925",medium,7107
Manager,Female,28,1,High School,Engineering,4,"104,329","4,962",medium,7108
Sales Associate,Female,34,1,High School,Management,5,"102,745","6,303",medium,7109
Manager,Female,62,4,Masters,Administration,3,"146,008","6,235",medium,7110
Marketing Associate,Female,44,2,PhD,Management,2,"68,364","4,076",Junior,7111
Data Scientist,Female,27,1,High School,Administration,5,"96,584","5,293",medium,7112
Data Scientist,Female,53,2,PhD,Operations,2,"102,265","4,760",Junior,7113
Marketing Associate,Female,33,1,High School,Management,5,"81,249","4,845",medium,7114
IT,Female,56,3,Masters,Management,2,"101,791","6,083",Junior,7115
Marketing Associate,Female,62,4,College,Sales,1,"77,584","4,524",Junior,7116
Driver,Female,36,1,Masters,Administration,3,"88,175","5,004",medium,7117
Data Scientist,Female,21,1,PhD,Engineering,2,"65,816","6,817",Junior,7118
Marketing Associate,Female,28,1,Masters,Engineering,5,"73,685","4,439",medium,7119
IT,Female,27,1,Masters,Administration,2,"55,560","4,449",Junior,7120
Data Scientist,Female,43,2,PhD,Sales,3,"106,452","5,346",medium,7121
Warehouse Associate,Female,47,2,College,Administration,2,"87,575","4,422",Junior,7122
Driver,Female,60,2,PhD,Sales,3,"113,140","4,079",medium,7123
Data Scientist,Female,40,1,Masters,Management,5,"100,505","4,626",medium,7124
IT,Female,60,3,Masters,Management,2,"104,589","4,536",Junior,7125
IT,Female,48,3,High School,Management,1,"61,081","6,337",Junior,7126
Marketing Associate,Female,51,2,High School,Management,2,"79,237","4,453",Junior,7127
Driver,Female,61,2,College,Management,4,"108,475","4,489",medium,7128
Graphic Designer,Female,34,1,College,Management,4,"99,942","5,352",medium,7129
Data Scientist,Female,58,2,PhD,Engineering,2,"108,296","4,708",Junior,7130
IT,Female,62,3,College,Sales,4,"126,370","6,032",medium,7131
Financial Analyst,Female,45,2,Masters,Administration,5,"122,142","5,435",medium,7132
Driver,Female,19,1,High School,Operations,4,"75,919","5,613",medium,7133
IT,Female,47,2,PhD,Administration,3,"103,416","5,536",medium,7134
Driver,Female,63,3,High School,Sales,1,"104,468","4,466",Junior,7135
Sales Associate,Female,57,2,High School,Management,4,"117,202","5,068",medium,7136
Data Scientist,Female,51,1,PhD,Sales,5,"139,141","4,969",medium,7137
Warehouse Associate,Female,58,1,Masters,Management,4,"134,109","4,184",medium,7138
Sales Associate,Female,24,1,High School,Administration,2,"66,887","5,014",Junior,7139
IT,Female,58,2,High School,Sales,4,"124,847","3,100",medium,7140
Financial Analyst,Female,33,2,PhD,Administration,1,"50,758","5,386",Junior,7141
Graphic Designer,Female,34,1,PhD,Operations,3,"75,316","5,861",medium,7142
Graphic Designer,Female,55,2,College,Administration,3,"111,502","4,413",medium,7143
Sales Associate,Female,47,1,PhD,Engineering,4,"116,642","4,621",medium,7144
IT,Female,45,2,PhD,Sales,4,"113,283","5,404",medium,7145
Marketing Associate,Female,48,2,High School,Administration,4,"86,538","4,212",medium,7146
Marketing Associate,Female,62,3,Masters,Engineering,2,"77,742","5,430",Junior,7147
Financial Analyst,Female,54,2,College,Sales,2,"114,171","3,768",Junior,7148
Graphic Designer,Female,63,2,College,Operations,4,"106,204","4,534",medium,7149
Graphic Designer,Female,38,1,High School,Administration,4,"111,041","3,727",medium,7150
Financial Analyst,Female,63,3,College,Sales,2,"95,795","5,723",Junior,7151
Marketing Associate,Female,65,3,High School,Engineering,3,"98,575","5,410",medium,7152
Software Engineer,Female,57,1,College,Engineering,3,"117,131","2,324",medium,7153
Marketing Associate,Female,20,2,College,Administration,2,"38,613","6,079",Junior,7154
Marketing Associate,Female,26,2,College,Operations,1,"62,866","5,114",Junior,7155
Graphic Designer,Female,47,1,High School,Operations,5,"108,731","4,793",medium,7156
Marketing Associate,Female,23,1,High School,Sales,2,"47,739","4,829",Junior,7157
Sales Associate,Female,18,1,Masters,Engineering,1,"64,920","4,967",Junior,7158
Software Engineer,Female,36,1,PhD,Management,1,"79,177","3,661",Junior,7159
Manager,Female,59,2,High School,Management,2,"136,215","3,603",Junior,7160
Marketing Associate,Female,55,3,High School,Administration,1,"63,327","4,066",Junior,7161
Marketing Associate,Female,31,1,High School,Sales,3,"52,578","5,538",medium,7162
Driver,Female,61,2,College,Administration,4,"114,436","4,249",medium,7163
Marketing Associate,Female,56,2,Masters,Sales,4,"99,543","4,442",medium,7164
Sales Associate,Female,41,2,College,Sales,1,"60,983","5,022",Junior,7165
Marketing Associate,Female,23,1,College,Sales,2,"55,885","3,795",Junior,7166
Driver,Female,61,2,PhD,Engineering,2,"107,064","4,202",Junior,7167
Marketing Associate,Female,56,2,High School,Operations,5,"107,370","4,916",medium,7168
Marketing Associate,Female,25,1,High School,Sales,1,"39,741","4,981",Junior,7169
Driver,Female,55,2,High School,Engineering,3,"103,242","4,495",medium,7170
Driver,Female,42,1,Masters,Sales,5,"120,112","5,070",medium,7171
Sales Associate,Female,61,2,High School,Sales,2,"83,308","3,653",Junior,7172
Marketing Associate,Female,26,1,High School,Management,1,"36,585","4,373",Junior,7173
Graphic Designer,Female,59,2,College,Engineering,4,"115,344","4,827",medium,7174
IT,Female,54,2,Masters,Administration,3,"96,982","4,750",medium,7175
Financial Analyst,Female,24,1,High School,Management,4,"80,030","5,481",medium,7176
Financial Analyst,Female,32,1,High School,Administration,4,"84,047","4,683",medium,7177
Data Scientist,Female,53,2,Masters,Engineering,2,"84,764","4,409",Junior,7178
Warehouse Associate,Female,61,1,Masters,Management,3,"120,277","4,617",medium,7179
Marketing Associate,Female,56,2,High School,Sales,3,"81,661","4,965",medium,7180
Manager,Female,45,1,High School,Engineering,5,"149,893","5,120",medium,7181
Sales Associate,Female,60,2,PhD,Engineering,5,"130,417","4,694",medium,7182
Marketing Associate,Female,34,1,College,Engineering,2,"38,855","4,503",Junior,7183
Graphic Designer,Female,49,1,High School,Administration,4,"96,232","3,697",medium,7184
Marketing Associate,Female,48,1,College,Operations,5,"86,563","4,415",medium,7185
Graphic Designer,Female,44,1,Masters,Administration,2,"72,248","3,634",Junior,7186
Data Scientist,Female,56,1,College,Engineering,5,"125,828","3,961",medium,7187
Graphic Designer,Female,45,1,High School,Management,3,"75,017","5,576",medium,7188
Marketing Associate,Female,40,1,Masters,Engineering,4,"100,415","3,871",medium,7189
Manager,Female,57,1,Masters,Operations,3,"145,095","3,889",medium,7190
Data Scientist,Female,63,2,High School,Administration,5,"115,641","4,339",medium,7191
Financial Analyst,Female,48,1,College,Engineering,5,"119,058","4,037",medium,7192
Warehouse Associate,Female,56,1,College,Administration,4,"106,722","4,044",medium,7193
Financial Analyst,Female,41,2,PhD,Operations,3,"91,129","4,825",medium,7194
Financial Analyst,Female,49,2,College,Operations,1,"92,891","3,578",Junior,7195
Data Scientist,Female,58,1,High School,Sales,5,"141,005","3,384",medium,7196
IT,Female,44,1,High School,Sales,5,"131,411","3,084",medium,7197
Sales Associate,Female,61,2,College,Sales,1,"96,900","4,157",Junior,7198
Marketing Associate,Female,56,2,High School,Engineering,3,"88,820","4,289",medium,7199
Marketing Associate,Female,53,1,Masters,Management,4,"112,489","4,237",medium,7200
Marketing Associate,Female,38,1,PhD,Engineering,1,"53,839","3,270",Junior,7201
IT,Female,57,2,High School,Administration,1,"64,807","3,887",Junior,7202
IT,Female,28,1,High School,Management,1,"41,151","4,296",Junior,7203
Financial Analyst,Female,48,1,College,Administration,4,"114,031","4,510",medium,7204
Manager,Female,42,1,High School,Management,2,"119,893","3,721",Junior,7205
Sales Associate,Female,52,1,High School,Sales,3,"94,154","3,964",medium,7206
Marketing Associate,Female,60,1,College,Management,4,"114,906","4,766",medium,7207
Driver,Female,63,1,Masters,Management,4,"115,981","2,661",medium,7208
Marketing Associate,Female,59,1,Masters,Sales,3,"93,018","2,730",medium,7209
Marketing Associate,Female,55,2,College,Sales,2,"69,928","4,811",Junior,7210
Software Engineer,Female,57,2,High School,Engineering,1,"104,623","3,791",Junior,7211
Graphic Designer,Female,33,1,High School,Sales,1,"63,914","3,521",Junior,7212
Graphic Designer,Female,44,1,College,Sales,3,"90,474","3,530",medium,7213
Driver,Female,22,1,High School,Administration,1,"60,026","4,605",Junior,7214
Marketing Associate,Female,41,1,PhD,Management,5,"108,587","4,275",medium,7215
Financial Analyst,Female,61,1,Masters,Engineering,4,"139,042","2,982",medium,7216
Sales Associate,Female,57,1,Masters,Operations,3,"101,423","3,641",medium,7217
Marketing Associate,Female,56,2,High School,Sales,3,"95,995","4,045",medium,7218
IT,Female,47,1,PhD,Operations,3,"99,472","3,943",medium,7219
Manager,Female,55,1,High School,Administration,3,"135,638","2,824",medium,7220
Data Scientist,Female,58,1,PhD,Management,4,"121,457","4,723",medium,7221
Data Scientist,Female,57,1,PhD,Operations,2,"114,141","3,746",Junior,7222
Marketing Associate,Female,64,1,College,Administration,5,"107,572","3,107",medium,7223
Sales Associate,Female,65,2,PhD,Sales,5,"142,505","4,214",medium,7224
Sales Associate,Female,50,1,Masters,Sales,3,"106,279","3,892",medium,7225
Manager,Female,47,1,High School,Management,3,"106,916","3,959",medium,7226
IT,Female,59,1,PhD,Engineering,3,"92,257","3,908",medium,7227
IT,Female,32,2,High School,Engineering,1,"59,377","5,236",Junior,7228
Marketing Associate,Female,38,1,PhD,Engineering,2,"76,726","4,204",Junior,7229
IT,Female,54,1,High School,Engineering,5,"112,502","3,988",medium,7230
Financial Analyst,Female,62,1,High School,Operations,3,"101,515","2,251",medium,7231
Financial Analyst,Female,49,1,PhD,Engineering,1,"67,089","3,078",Junior,7232
Driver,Female,51,1,PhD,Management,2,"97,789","3,536",Junior,7233
Marketing Associate,Female,46,1,College,Administration,1,"54,945","2,991",Junior,7234
Data Scientist,Female,65,1,PhD,Operations,2,"121,239","3,078",Junior,7235
Data Scientist,Female,64,2,High School,Sales,1,"87,314","3,688",Junior,7236
Driver,Female,65,1,PhD,Operations,3,"124,530","3,647",medium,7237
Driver,Female,45,1,College,Sales,2,"67,150","3,255",Junior,7238
Financial Analyst,Female,47,1,College,Operations,2,"63,300","3,655",Junior,7239
Marketing Associate,Female,58,2,High School,Operations,1,"60,271","3,927",Junior,7240
Marketing Associate,Female,53,1,Masters,Operations,1,"66,028","3,745",Junior,7241
Marketing Associate,Female,44,1,High School,Engineering,3,"91,300","3,680",medium,7242
Financial Analyst,Female,54,1,Masters,Operations,2,"90,999","2,963",Junior,7243
Sales Associate,Female,58,1,College,Operations,3,"86,795","3,453",medium,7244
IT,Female,59,1,College,Sales,3,"110,627","2,041",medium,7245
Marketing Associate,Female,52,1,PhD,Sales,3,"97,696","3,888",medium,7246
Marketing Associate,Female,59,1,College,Engineering,1,"62,738","2,656",Junior,7247
IT,Female,53,1,High School,Administration,2,"112,169","2,763",Junior,7248
Marketing Associate,Female,59,1,High School,Operations,3,"98,796","3,042",medium,7249
Financial Analyst,Female,65,1,High School,Administration,2,"96,665","2,645",Junior,7250
Graphic Designer,Female,61,1,Masters,Engineering,1,"91,030","3,318",Junior,7251
IT,Female,65,1,Masters,Administration,1,"106,945","2,041",Junior,7252
Graphic Designer,Female,63,1,College,Administration,2,"81,545","3,418",Junior,7253
Marketing Associate,Female,65,1,Masters,Administration,1,"80,789","1,884",Junior,7254
Marketing Associate,Female,64,1,PhD,Administration,2,"85,253","2,777",Junior,7255
Marketing Associate,Female,61,1,High School,Administration,1,"62,644","3,270",Junior,7256
Software Engineer,Male,21,5,College,Management,5,"108,476","11,128",medium,7257
Software Engineer,Male,20,5,Masters,Sales,4,"108,080","10,154",medium,7258
Graphic Designer,Male,26,5,Masters,Engineering,5,"99,464","9,319",medium,7259
Software Engineer,Male,18,4,PhD,Engineering,5,"97,523","10,240",medium,7260
Graphic Designer,Male,24,5,PhD,Engineering,5,"102,261","10,212",medium,7261
Sales Associate,Male,21,5,High School,Engineering,5,"90,386","9,461",medium,7262
Warehouse Associate,Male,36,5,PhD,Engineering,5,"108,446","9,210",medium,7263
Financial Analyst,Male,24,5,PhD,Sales,3,"83,323","9,329",medium,7264
Warehouse Associate,Male,24,5,PhD,Sales,3,"85,205","9,792",medium,7265
Software Engineer,Male,21,4,PhD,Engineering,5,"132,823","9,625",medium,7266
Software Engineer,Male,19,5,Masters,Administration,4,"100,305","9,618",medium,7267
Graphic Designer,Male,35,5,PhD,Management,3,"88,566","9,469",medium,7268
Warehouse Associate,Male,34,5,PhD,Engineering,4,"104,271","10,177",medium,7269
Software Engineer,Male,20,5,Masters,Management,2,"66,359","10,137",Junior,7270
Sales Associate,Male,35,5,Masters,Management,5,"103,007","10,512",medium,7271
Software Engineer,Male,27,5,PhD,Management,4,"96,040","10,050",medium,7272
Software Engineer,Male,21,5,High School,Management,4,"91,674","9,780",medium,7273
Software Engineer,Male,31,5,High School,Operations,3,"92,928","9,094",medium,7274
IT,Male,19,5,College,Administration,4,"78,986","9,023",medium,7275
Data Scientist,Male,29,5,PhD,Administration,5,"96,355","9,784",medium,7276
Data Scientist,Male,32,5,PhD,Management,3,"87,121","8,703",medium,7277
Software Engineer,Male,31,5,PhD,Sales,2,"88,724","8,949",Junior,7278
Warehouse Associate,Male,22,5,Masters,Engineering,2,"58,219","9,868",Junior,7279
Software Engineer,Male,25,5,Masters,Sales,5,"119,024","11,293",medium,7280
Software Engineer,Male,22,5,Masters,Management,3,"81,503","9,729",medium,7281
Marketing Associate,Male,21,5,College,Management,5,"86,886","9,424",medium,7282
Sales Associate,Male,18,4,Masters,Operations,5,"90,780","9,353",medium,7283
Software Engineer,Male,18,4,Masters,Operations,4,"89,474","9,104",medium,7284
Software Engineer,Male,40,5,PhD,Management,4,"112,466","9,493",medium,7285
Financial Analyst,Male,18,5,PhD,Engineering,4,"97,328","9,874",medium,7286
Graphic Designer,Male,34,5,Masters,Management,3,"86,766","9,841",medium,7287
Software Engineer,Male,19,5,PhD,Administration,3,"88,814","10,153",medium,7288
Driver,Male,31,5,College,Management,4,"82,832","9,958",medium,7289
Sales Associate,Male,24,5,High School,Administration,1,"66,168","9,242",Junior,7290
Data Scientist,Male,18,5,PhD,Administration,4,"59,212","10,209",medium,7291
Data Scientist,Male,18,5,High School,Operations,2,"55,189","9,405",Junior,7292
Manager,Male,25,5,College,Engineering,5,"131,311","11,067",medium,7293
Data Scientist,Male,22,4,High School,Management,2,"50,401","8,590",Junior,7294
Graphic Designer,Male,23,5,Masters,Management,3,"83,031","10,240",medium,7295
Financial Analyst,Male,29,5,Masters,Engineering,5,"111,019","10,042",medium,7296
Warehouse Associate,Male,21,5,PhD,Management,1,"48,755","9,931",Junior,7297
Warehouse Associate,Male,28,5,High School,Engineering,2,"59,044","9,368",Junior,7298
Manager,Male,29,4,PhD,Engineering,5,"146,615","10,173",medium,7299
Graphic Designer,Male,31,5,PhD,Engineering,1,"69,462","8,872",Junior,7300
Manager,Male,19,4,PhD,Sales,5,"119,162","9,395",medium,7301
Software Engineer,Male,26,5,PhD,Operations,2,"68,466","8,384",Junior,7302
Warehouse Associate,Male,49,5,High School,Sales,4,"109,419","8,375",medium,7303
Software Engineer,Male,18,5,College,Operations,3,"80,355","9,945",medium,7304
Software Engineer,Male,29,5,High School,Management,1,"82,534","8,914",Junior,7305
IT,Male,55,5,College,Management,5,"127,769","8,802",medium,7306
Sales Associate,Male,28,5,PhD,Administration,1,"52,290","9,330",Junior,7307
IT,Male,18,5,High School,Engineering,1,"47,036","9,130",Junior,7308
Warehouse Associate,Male,46,5,PhD,Sales,1,"76,517","8,502",Junior,7309
Driver,Male,32,4,PhD,Engineering,4,"90,368","8,215",medium,7310
Financial Analyst,Male,26,5,College,Engineering,4,"106,194","9,421",medium,7311
Driver,Male,40,5,College,Management,2,"97,414","8,833",Junior,7312
Data Scientist,Male,51,5,PhD,Operations,4,"110,731","8,643",medium,7313
Software Engineer,Male,54,5,PhD,Administration,4,"125,572","8,245",medium,7314
Driver,Male,49,5,Masters,Operations,2,"72,754","8,014",Junior,7315
Sales Associate,Male,58,5,High School,Engineering,5,"135,013","8,972",medium,7316
Data Scientist,Male,38,5,College,Administration,5,"101,173","9,255",medium,7317
IT,Male,53,5,PhD,Management,5,"126,828","9,310",medium,7318
Financial Analyst,Male,49,5,High School,Engineering,4,"102,716","8,290",medium,7319
Marketing Associate,Male,26,4,High School,Engineering,5,"77,793","8,700",medium,7320
Graphic Designer,Male,33,5,Masters,Management,3,"83,758","8,498",medium,7321
Graphic Designer,Male,22,5,PhD,Administration,1,"40,187","8,549",Junior,7322
Financial Analyst,Male,41,5,Masters,Engineering,3,"98,531","6,855",medium,7323
Financial Analyst,Male,26,4,College,Operations,4,"104,435","7,802",medium,7324
Data Scientist,Male,29,5,High School,Administration,1,"67,617","9,075",Junior,7325
Financial Analyst,Male,44,5,Masters,Administration,4,"119,381","9,345",medium,7326
Warehouse Associate,Male,48,5,PhD,Management,2,"68,639","9,553",Junior,7327
Software Engineer,Male,40,5,College,Management,1,"68,295","7,902",Junior,7328
Manager,Male,21,4,High School,Engineering,3,"103,107","9,036",medium,7329
Data Scientist,Male,28,4,Masters,Administration,5,"97,625","7,985",medium,7330
Sales Associate,Male,30,4,Masters,Sales,5,"115,165","8,841",medium,7331
Marketing Associate,Male,47,5,Masters,Operations,3,"86,516","8,049",medium,7332
IT,Male,18,4,Masters,Administration,4,"69,855","8,347",medium,7333
Financial Analyst,Male,38,4,College,Management,5,"114,421","7,444",medium,7334
Software Engineer,Male,24,4,Masters,Management,1,"79,208","8,602",Junior,7335
Software Engineer,Male,49,5,Masters,Administration,5,"142,105","9,653",medium,7336
Sales Associate,Male,22,5,High School,Administration,1,"57,783","9,306",Junior,7337
Financial Analyst,Male,36,5,Masters,Operations,1,"71,858","7,475",Junior,7338
Driver,Male,39,5,High School,Engineering,4,"100,183","8,832",medium,7339
Graphic Designer,Male,19,4,Masters,Sales,1,"61,000","8,872",Junior,7340
Software Engineer,Male,59,5,Masters,Engineering,1,"109,623","6,897",Junior,7341
Driver,Male,54,5,PhD,Administration,4,"110,049","8,928",medium,7342
Software Engineer,Male,64,5,College,Sales,4,"120,593","7,573",medium,7343
Manager,Male,23,4,PhD,Administration,1,"90,685","8,816",Junior,7344
Software Engineer,Male,39,4,High School,Sales,4,"106,896","7,918",medium,7345
Sales Associate,Male,58,5,PhD,Sales,2,"129,425","7,524",Junior,7346
Graphic Designer,Male,53,5,High School,Operations,6,"93,073","8,188",senior,7347
Software Engineer,Male,33,5,PhD,Administration,2,"87,352","8,435",Junior,7348
Software Engineer,Male,56,5,PhD,Administration,5,"139,760","9,229",medium,7349
Warehouse Associate,Male,40,5,Masters,Sales,4,"102,815","9,090",medium,7350
Software Engineer,Male,43,4,PhD,Management,5,"101,262","7,794",medium,7351
Data Scientist,Male,19,5,High School,Operations,2,"58,054","9,585",Junior,7352
Sales Associate,Male,44,5,Masters,Administration,2,"100,091","9,185",Junior,7353
Manager,Male,23,4,Masters,Sales,3,"103,479","7,850",medium,7354
IT,Male,20,4,PhD,Engineering,2,"74,073","8,509",Junior,7355
Financial Analyst,Male,47,5,College,Administration,2,"64,852","8,023",Junior,7356
Graphic Designer,Male,49,5,College,Management,4,"106,887","8,347",medium,7357
Software Engineer,Male,26,4,College,Administration,2,"77,309","7,957",Junior,7358
Software Engineer,Male,18,3,Masters,Engineering,2,"88,482","7,385",Junior,7359
Sales Associate,Male,18,4,High School,Management,4,"80,135","9,007",medium,7360
Graphic Designer,Male,22,4,Masters,Sales,2,"57,398","7,827",Junior,7361
Manager,Male,20,4,College,Sales,2,"107,140","8,199",Junior,7362
Financial Analyst,Male,29,4,High School,Management,4,"89,559","8,338",medium,7363
Software Engineer,Male,58,5,High School,Management,8,"120,156","7,200",senior,7364
Driver,Male,38,5,PhD,Engineering,4,"102,966","8,978",medium,7365
Financial Analyst,Male,53,5,Masters,Administration,3,"112,941","7,404",medium,7366
Graphic Designer,Male,46,5,High School,Engineering,4,"102,736","9,736",medium,7367
IT,Male,52,5,Masters,Engineering,1,"90,024","7,350",Junior,7368
Graphic Designer,Male,18,4,High School,Sales,4,"75,506","9,289",medium,7369
Sales Associate,Male,29,3,Masters,Management,2,"61,164","6,346",Junior,7370
Manager,Male,62,5,College,Administration,7,"157,410","7,840",senior,7371
Graphic Designer,Male,23,4,High School,Operations,1,"50,601","7,351",Junior,7372
Data Scientist,Male,29,4,High School,Engineering,3,"65,907","7,668",medium,7373
Data Scientist,Male,38,5,High School,Sales,2,"80,937","8,335",Junior,7374
Driver,Male,34,4,College,Administration,5,"90,330","7,022",medium,7375
IT,Male,40,4,College,Administration,5,"109,345","7,791",medium,7376
Software Engineer,Male,27,4,Masters,Engineering,1,"66,084","7,769",Junior,7377
Financial Analyst,Male,35,4,PhD,Operations,5,"98,900","7,960",medium,7378
IT,Male,19,4,College,Engineering,3,"78,113","9,335",medium,7379
Software Engineer,Male,36,4,Masters,Engineering,5,"130,826","9,694",medium,7380
Sales Associate,Male,23,3,High School,Engineering,3,"85,928","7,229",medium,7381
IT,Male,43,5,College,Operations,4,"98,515","9,090",medium,7382
Graphic Designer,Male,27,4,College,Sales,5,"114,680","8,472",medium,7383
Driver,Male,25,3,PhD,Engineering,5,"92,687","7,634",medium,7384
Graphic Designer,Male,21,3,Masters,Engineering,4,"72,301","8,391",medium,7385
Financial Analyst,Male,24,4,Masters,Administration,1,"67,749","8,517",Junior,7386
Manager,Male,52,5,High School,Operations,2,"104,526","7,253",Junior,7387
Data Scientist,Male,26,4,High School,Management,3,"80,494","8,449",medium,7388
Software Engineer,Male,29,4,High School,Engineering,1,"74,316","8,761",Junior,7389
Driver,Male,49,4,College,Sales,5,"104,657","6,839",medium,7390
Manager,Male,45,5,High School,Engineering,3,"123,422","8,894",medium,7391
Warehouse Associate,Male,48,5,College,Sales,1,"62,097","7,075",Junior,7392
Data Scientist,Male,53,5,High School,Management,2,"102,910","8,335",Junior,7393
Driver,Male,18,3,PhD,Operations,3,"56,318","8,407",medium,7394
IT,Male,28,4,High School,Operations,3,"64,958","7,910",medium,7395
Driver,Male,36,4,PhD,Operations,3,"88,213","8,581",medium,7396
Driver,Male,56,5,Masters,Sales,5,"100,859","8,388",medium,7397
Warehouse Associate,Male,37,4,High School,Management,3,"83,025","8,105",medium,7398
IT,Male,28,4,High School,Administration,5,"95,964","9,147",medium,7399
Graphic Designer,Male,44,4,High School,Sales,4,"102,108","8,339",medium,7400
Data Scientist,Male,24,4,Masters,Sales,2,"60,736","7,873",Junior,7401
IT,Male,47,5,PhD,Operations,1,"82,126","6,971",Junior,7402
Financial Analyst,Male,33,5,Masters,Operations,1,"69,878","8,389",Junior,7403
Graphic Designer,Male,57,4,Masters,Management,4,"132,873","7,266",medium,7404
Financial Analyst,Male,20,4,High School,Operations,2,"65,164","7,827",Junior,7405
Sales Associate,Male,19,3,PhD,Management,4,"94,492","8,209",medium,7406
Sales Associate,Male,33,3,Masters,Operations,5,"100,463","6,332",medium,7407
Graphic Designer,Male,46,4,High School,Administration,4,"88,571","7,464",medium,7408
Financial Analyst,Male,39,4,PhD,Management,3,"87,409","7,168",medium,7409
Warehouse Associate,Male,58,5,College,Sales,4,"133,927","8,278",medium,7410
Manager,Male,33,4,Masters,Sales,1,"90,482","7,094",Junior,7411
Software Engineer,Male,56,5,College,Operations,3,"107,366","7,774",medium,7412
Warehouse Associate,Male,39,4,PhD,Operations,3,"77,793","8,093",medium,7413
Warehouse Associate,Male,45,4,High School,Operations,2,"84,930","6,914",Junior,7414
Driver,Male,32,3,Masters,Engineering,2,"69,367","6,378",Junior,7415
Graphic Designer,Male,65,5,Masters,Operations,5,"116,751","8,505",medium,7416
Software Engineer,Male,52,4,Masters,Administration,5,"139,841","7,641",medium,7417
Financial Analyst,Male,19,4,Masters,Operations,2,"60,892","8,462",Junior,7418
Graphic Designer,Male,20,2,Masters,Engineering,6,"99,543","6,111",senior,7419
Software Engineer,Male,64,5,High School,Operations,2,"111,903","6,824",Junior,7420
IT,Male,55,5,College,Sales,3,"104,361","7,813",medium,7421
Software Engineer,Male,59,4,Masters,Engineering,4,"155,834","7,101",medium,7422
Financial Analyst,Male,30,5,Masters,Sales,1,"83,620","7,864",Junior,7423
Driver,Male,27,3,College,Engineering,5,"89,678","7,778",medium,7424
Manager,Male,48,4,College,Management,1,"109,346","7,730",Junior,7425
IT,Male,64,5,PhD,Management,2,"98,100","7,460",Junior,7426
Driver,Male,40,5,College,Engineering,2,"68,797","7,817",Junior,7427
Financial Analyst,Male,58,4,College,Management,4,"120,154","6,751",medium,7428
Software Engineer,Male,63,4,High School,Administration,5,"140,445","7,905",medium,7429
Warehouse Associate,Male,18,2,College,Administration,5,"85,306","7,735",medium,7430
Manager,Male,48,4,PhD,Sales,4,"143,887","7,622",medium,7431
IT,Male,63,5,Masters,Operations,5,"133,472","8,688",medium,7432
Data Scientist,Male,23,3,Masters,Administration,1,"62,753","7,242",Junior,7433
Sales Associate,Male,63,5,PhD,Operations,4,"128,173","8,360",medium,7434
Software Engineer,Male,65,4,High School,Management,5,"157,852","6,669",medium,7435
Financial Analyst,Male,51,4,PhD,Operations,4,"113,730","6,578",medium,7436
Driver,Male,57,5,College,Management,1,"68,403","6,893",Junior,7437
Manager,Male,59,4,PhD,Sales,5,"176,789","6,773",medium,7438
Graphic Designer,Male,24,3,College,Engineering,2,"59,399","6,692",Junior,7439
Sales Associate,Male,61,5,PhD,Management,1,"102,473","8,468",Junior,7440
Financial Analyst,Male,35,4,College,Administration,4,"90,307","7,663",medium,7441
Graphic Designer,Male,55,5,Masters,Engineering,1,"79,144","8,328",Junior,7442
Manager,Male,62,5,PhD,Engineering,3,"150,467","8,100",medium,7443
Driver,Male,37,4,College,Engineering,3,"70,088","8,244",medium,7444
Manager,Male,32,3,High School,Operations,4,"117,629","6,291",medium,7445
Sales Associate,Male,28,3,Masters,Administration,5,"118,653","7,036",medium,7446
Software Engineer,Male,65,5,Masters,Sales,1,"134,758","7,500",Junior,7447
Warehouse Associate,Male,46,3,High School,Operations,4,"87,134","6,184",medium,7448
Marketing Associate,Male,25,3,College,Operations,4,"65,547","6,530",medium,7449
Financial Analyst,Male,64,5,High School,Operations,3,"96,777","7,736",medium,7450
Software Engineer,Male,26,3,High School,Sales,2,"61,527","6,345",Junior,7451
Driver,Male,49,4,Masters,Administration,6,"118,629","6,740",senior,7452
Data Scientist,Male,19,2,PhD,Management,5,"80,171","6,454",medium,7453
Software Engineer,Male,36,4,PhD,Management,3,"112,134","8,587",medium,7454
Manager,Male,21,2,College,Administration,5,"121,682","7,189",medium,7455
Sales Associate,Male,48,3,Masters,Engineering,5,"113,544","6,839",medium,7456
Financial Analyst,Male,20,3,PhD,Operations,3,"78,564","7,875",medium,7457
Financial Analyst,Male,47,5,College,Operations,3,"91,905","7,614",medium,7458
Financial Analyst,Male,60,5,High School,Engineering,4,"121,728","7,932",medium,7459
Marketing Associate,Male,27,4,College,Management,1,"54,817","6,519",Junior,7460
Sales Associate,Male,20,3,College,Operations,1,"37,898","6,448",Junior,7461
IT,Male,59,5,PhD,Operations,1,"79,544","6,760",Junior,7462
Software Engineer,Male,59,4,High School,Operations,4,"124,817","7,268",medium,7463
Manager,Male,53,4,College,Management,1,"123,114","6,946",Junior,7464
Data Scientist,Male,28,3,Masters,Sales,3,"82,850","5,794",medium,7465
Manager,Male,43,3,PhD,Management,2,"121,949","6,739",Junior,7466
Data Scientist,Male,45,3,PhD,Administration,5,"122,037","8,147",medium,7467
IT,Male,18,4,PhD,Sales,1,"56,309","7,559",Junior,7468
Financial Analyst,Male,59,5,PhD,Management,1,"90,002","8,123",Junior,7469
IT,Male,34,3,College,Sales,4,"91,066","6,257",medium,7470
Manager,Male,32,3,Masters,Management,5,"118,088","7,721",medium,7471
Software Engineer,Male,29,3,Masters,Operations,2,"92,099","7,246",Junior,7472
Manager,Male,48,3,College,Management,5,"138,851","6,929",medium,7473
IT,Male,58,4,College,Management,5,"131,275","6,997",medium,7474
Manager,Male,21,2,PhD,Operations,3,"89,648","6,573",medium,7475
Manager,Male,20,2,PhD,Operations,4,"112,854","6,564",medium,7476
Software Engineer,Male,60,4,Masters,Sales,6,"155,676","6,586",senior,7477
Driver,Male,57,4,College,Sales,4,"135,781","6,042",medium,7478
Warehouse Associate,Male,31,4,High School,Engineering,2,"66,407","7,522",Junior,7479
Manager,Male,57,4,Masters,Administration,4,"143,189","6,321",medium,7480
Graphic Designer,Male,63,5,PhD,Engineering,1,"105,800","7,822",Junior,7481
Software Engineer,Male,63,5,College,Operations,2,"124,871","7,327",Junior,7482
Data Scientist,Male,23,3,High School,Sales,3,"83,894","6,922",medium,7483
Sales Associate,Male,63,5,High School,Sales,1,"85,948","7,646",Junior,7484
Software Engineer,Male,20,2,PhD,Engineering,4,"92,289","6,643",medium,7485
Financial Analyst,Male,45,4,High School,Operations,2,"75,397","6,490",Junior,7486
Software Engineer,Male,65,4,High School,Engineering,1,"102,597","5,937",Junior,7487
Warehouse Associate,Male,26,3,High School,Sales,3,"72,945","7,279",medium,7488
Software Engineer,Male,60,3,PhD,Management,5,"145,632","6,439",medium,7489
Manager,Male,63,5,Masters,Operations,1,"130,093","6,416",Junior,7490
Marketing Associate,Male,33,3,PhD,Administration,2,"53,220","5,153",Junior,7491
Data Scientist,Male,31,3,College,Operations,1,"75,227","6,027",Junior,7492
Data Scientist,Male,41,3,Masters,Administration,4,"104,314","6,611",medium,7493
Manager,Male,27,3,High School,Operations,1,"83,262","6,884",Junior,7494
Data Scientist,Male,41,4,PhD,Administration,1,"67,040","7,412",Junior,7495
Warehouse Associate,Male,33,3,College,Administration,1,"77,655","6,581",Junior,7496
Software Engineer,Male,45,4,Masters,Operations,2,"89,811","6,471",Junior,7497
Graphic Designer,Male,47,3,College,Administration,5,"106,893","7,958",medium,7498
Software Engineer,Male,58,4,Masters,Engineering,5,"154,039","7,304",medium,7499
Warehouse Associate,Male,64,4,High School,Operations,3,"116,774","6,160",medium,7500
Software Engineer,Male,40,2,High School,Management,2,"98,281","5,646",Junior,7501
Software Engineer,Male,42,3,Masters,Engineering,5,"121,821","6,499",medium,7502
Software Engineer,Male,30,2,Masters,Engineering,5,"113,122","6,060",medium,7503
Software Engineer,Male,39,4,PhD,Management,1,"92,154","7,642",Junior,7504
Manager,Male,31,3,PhD,Engineering,2,"110,643","7,291",Junior,7505
Data Scientist,Male,32,3,PhD,Sales,4,"103,908","8,109",medium,7506
Warehouse Associate,Male,49,3,PhD,Operations,4,"94,927","6,274",medium,7507
Software Engineer,Male,30,2,College,Administration,5,"76,654","6,696",medium,7508
Manager,Male,46,4,Masters,Sales,7,"107,859","6,989",senior,7509
Graphic Designer,Male,62,5,Masters,Sales,1,"85,702","6,556",Junior,7510
Manager,Male,18,1,Masters,Management,5,"115,567","4,775",medium,7511
Sales Associate,Male,58,4,PhD,Administration,3,"118,888","7,438",medium,7512
Graphic Designer,Male,55,4,College,Sales,2,"75,833","6,942",Junior,7513
Graphic Designer,Male,65,4,College,Management,4,"123,371","6,931",medium,7514
Warehouse Associate,Male,38,3,College,Management,3,"83,774","7,127",medium,7515
Financial Analyst,Male,22,3,PhD,Administration,2,"69,320","6,765",Junior,7516
Sales Associate,Male,51,3,PhD,Operations,4,"110,746","5,947",medium,7517
Graphic Designer,Male,61,4,Masters,Engineering,2,"105,632","6,394",Junior,7518
Manager,Male,62,4,PhD,Engineering,1,"117,648","4,765",Junior,7519
Sales Associate,Male,28,3,College,Management,3,"85,986","8,160",medium,7520
Financial Analyst,Male,32,4,Masters,Sales,3,"78,132","8,035",medium,7521
Manager,Male,57,4,Masters,Operations,3,"135,073","6,898",medium,7522
Software Engineer,Male,64,5,High School,Sales,2,"118,231","7,440",Junior,7523
Data Scientist,Male,58,5,High School,Operations,1,"86,651","7,250",Junior,7524
Data Scientist,Male,44,3,Masters,Management,3,"114,693","6,832",medium,7525
Financial Analyst,Male,39,3,Masters,Engineering,4,"116,875","5,479",medium,7526
IT,Male,23,4,PhD,Administration,1,"64,468","8,113",Junior,7527
Marketing Associate,Male,40,2,PhD,Sales,5,"116,834","5,516",medium,7528
Warehouse Associate,Male,23,2,College,Management,4,"81,988","7,160",medium,7529
Manager,Male,60,4,College,Sales,2,"148,178","6,777",Junior,7530
Warehouse Associate,Male,25,3,College,Administration,1,"68,384","7,443",Junior,7531
Manager,Male,48,3,PhD,Operations,1,"106,056","4,161",Junior,7532
Software Engineer,Male,35,2,Masters,Management,3,"110,886","6,228",medium,7533
Warehouse Associate,Male,53,3,PhD,Engineering,5,"128,669","6,866",medium,7534
Financial Analyst,Male,40,3,PhD,Sales,3,"88,725","6,243",medium,7535
Manager,Male,56,3,Masters,Engineering,4,"149,771","5,495",medium,7536
Financial Analyst,Male,45,4,Masters,Management,2,"98,535","8,001",Junior,7537
IT,Male,33,3,College,Management,3,"88,749","7,433",medium,7538
Graphic Designer,Male,49,3,Masters,Operations,5,"126,100","6,336",medium,7539
Manager,Male,23,3,College,Sales,3,"110,594","6,753",medium,7540
Manager,Male,60,4,College,Management,3,"157,644","7,213",medium,7541
Financial Analyst,Male,20,2,PhD,Engineering,4,"105,601","5,943",medium,7542
Financial Analyst,Male,56,4,High School,Engineering,3,"100,769","6,453",medium,7543
Warehouse Associate,Male,38,3,High School,Administration,8,"82,244","6,020",senior,7544
Graphic Designer,Male,29,3,PhD,Operations,2,"70,311","6,235",Junior,7545
Warehouse Associate,Male,33,1,College,Engineering,5,"100,465","5,520",medium,7546
Software Engineer,Male,30,2,College,Administration,4,"83,264","6,251",medium,7547
Warehouse Associate,Male,61,3,PhD,Engineering,4,"126,375","6,630",medium,7548
Driver,Male,25,3,College,Engineering,1,"43,076","5,829",Junior,7549
Driver,Male,42,3,PhD,Operations,4,"111,726","5,989",medium,7550
Sales Associate,Male,55,4,College,Administration,3,"112,188","6,689",medium,7551
Data Scientist,Male,35,2,College,Operations,5,"98,959","6,572",medium,7552
IT,Male,40,3,College,Administration,3,"77,881","5,569",medium,7553
IT,Male,36,3,Masters,Engineering,2,"65,225","6,462",Junior,7554
Driver,Male,30,4,Masters,Operations,1,"78,472","8,439",Junior,7555
Financial Analyst,Male,58,4,College,Operations,4,"126,269","6,490",medium,7556
Warehouse Associate,Male,61,3,High School,Management,3,"106,233","5,792",medium,7557
Manager,Male,59,4,College,Engineering,2,"127,013","6,124",Junior,7558
Software Engineer,Male,53,3,High School,Management,3,"106,146","6,618",medium,7559
Manager,Male,22,2,Masters,Operations,4,"90,736","6,219",medium,7560
Graphic Designer,Male,44,3,PhD,Sales,1,"66,611","5,924",Junior,7561
Manager,Male,57,3,PhD,Operations,5,"150,914","5,982",medium,7562
Graphic Designer,Male,30,2,Masters,Management,4,"70,559","6,497",medium,7563
Graphic Designer,Male,22,2,High School,Sales,3,"69,734","5,383",medium,7564
Graphic Designer,Male,23,1,PhD,Management,5,"91,504","5,136",medium,7565
Manager,Male,20,2,Masters,Operations,3,"100,183","6,363",medium,7566
Data Scientist,Male,56,3,Masters,Engineering,3,"98,165","5,470",medium,7567
Software Engineer,Male,23,2,Masters,Engineering,3,"95,754","6,596",medium,7568
Data Scientist,Male,27,2,College,Engineering,1,"57,915","4,584",Junior,7569
Manager,Male,53,4,College,Sales,2,"121,506","6,122",Junior,7570
Manager,Male,37,3,Masters,Management,1,"121,151","5,934",Junior,7571
Data Scientist,Male,40,2,Masters,Management,2,"87,682","4,152",Junior,7572
Software Engineer,Male,42,2,College,Administration,3,"114,029","6,842",medium,7573
IT,Male,43,3,College,Management,1,"67,323","4,680",Junior,7574
Data Scientist,Male,28,3,High School,Management,2,"68,049","6,660",Junior,7575
IT,Male,39,3,High School,Engineering,4,"93,335","5,243",medium,7576
Driver,Male,53,3,PhD,Administration,3,"111,043","5,838",medium,7577
Warehouse Associate,Male,25,2,Masters,Engineering,1,"58,130","6,327",Junior,7578
IT,Male,27,3,PhD,Operations,3,"90,542","7,554",medium,7579
Manager,Male,40,2,College,Administration,2,"124,891","5,436",Junior,7580
Software Engineer,Male,63,3,PhD,Engineering,2,"134,757","5,944",Junior,7581
Manager,Male,42,3,College,Sales,4,"125,339","6,019",medium,7582
Manager,Male,28,3,College,Sales,2,"105,795","6,179",Junior,7583
Sales Associate,Male,19,1,PhD,Management,3,"75,238","5,308",medium,7584
Software Engineer,Male,42,2,College,Management,1,"103,978","5,146",Junior,7585
IT,Male,65,4,Masters,Sales,6,"165,229","6,506",senior,7586
Warehouse Associate,Male,54,2,Masters,Engineering,4,"118,322","5,224",medium,7587
Graphic Designer,Male,39,2,Masters,Operations,5,"106,883","5,831",medium,7588
Manager,Male,30,1,PhD,Engineering,4,"125,164","5,888",medium,7589
Software Engineer,Male,53,4,High School,Operations,1,"89,225","5,751",Junior,7590
Driver,Male,63,4,High School,Sales,2,"101,716","5,881",Junior,7591
Financial Analyst,Male,31,3,PhD,Engineering,1,"79,142","5,445",Junior,7592
Graphic Designer,Male,60,4,Masters,Engineering,1,"97,240","5,412",Junior,7593
Driver,Male,24,2,College,Engineering,3,"81,301","5,713",medium,7594
Software Engineer,Male,23,1,PhD,Management,2,"79,462","4,673",Junior,7595
Data Scientist,Male,30,2,College,Operations,3,"72,497","6,452",medium,7596
Graphic Designer,Male,50,3,Masters,Management,1,"84,803","5,406",Junior,7597
Warehouse Associate,Male,56,3,Masters,Administration,2,"79,274","4,618",Junior,7598
IT,Male,20,2,PhD,Management,1,"49,622","5,452",Junior,7599
Sales Associate,Male,62,3,College,Management,3,"129,620","5,608",medium,7600
Software Engineer,Male,36,2,High School,Administration,4,"87,848","5,166",medium,7601
Driver,Male,24,2,College,Management,3,"51,906","6,274",medium,7602
Financial Analyst,Male,24,2,PhD,Engineering,3,"71,590","5,845",medium,7603
Warehouse Associate,Male,19,2,High School,Sales,2,"63,928","4,998",Junior,7604
Driver,Male,44,4,High School,Administration,4,"83,333","7,113",medium,7605
Marketing Associate,Male,49,3,High School,Administration,4,"92,797","5,405",medium,7606
Financial Analyst,Male,36,3,PhD,Operations,1,"93,067","5,103",Junior,7607
Graphic Designer,Male,22,2,High School,Sales,3,"72,422","5,697",medium,7608
Driver,Male,59,3,College,Operations,3,"120,159","4,265",medium,7609
Financial Analyst,Male,58,4,Masters,Operations,3,"104,744","6,425",medium,7610
Driver,Male,41,2,Masters,Administration,4,"95,795","4,898",medium,7611
Manager,Male,22,1,College,Management,2,"103,156","6,277",Junior,7612
Driver,Male,35,2,High School,Administration,5,"92,760","4,826",medium,7613
Data Scientist,Male,62,4,College,Operations,3,"93,742","6,580",medium,7614
Sales Associate,Male,50,2,Masters,Engineering,5,"124,470","5,454",medium,7615
Software Engineer,Male,51,2,Masters,Engineering,3,"132,323","4,872",medium,7616
Sales Associate,Male,22,1,High School,Sales,4,"70,595","5,234",medium,7617
Software Engineer,Male,32,2,College,Operations,1,"71,278","4,701",Junior,7618
Data Scientist,Male,33,2,High School,Engineering,2,"53,855","4,980",Junior,7619
IT,Male,35,1,College,Management,4,"98,423","3,879",medium,7620
Software Engineer,Male,47,2,Masters,Operations,4,"126,239","5,396",medium,7621
Sales Associate,Male,53,2,Masters,Management,5,"101,133","4,700",medium,7622
Warehouse Associate,Male,23,1,High School,Administration,4,"92,516","5,866",medium,7623
Data Scientist,Male,49,3,College,Administration,3,"93,320","7,236",medium,7624
IT,Male,33,2,Masters,Engineering,5,"106,584","5,426",medium,7625
Warehouse Associate,Male,50,3,Masters,Administration,1,"90,612","5,913",Junior,7626
Financial Analyst,Male,31,2,PhD,Administration,3,"82,790","5,826",medium,7627
Financial Analyst,Male,38,3,Masters,Administration,1,"84,628","5,680",Junior,7628
Marketing Associate,Male,42,2,Masters,Management,5,"110,636","5,239",medium,7629
Manager,Male,38,2,Masters,Management,3,"135,106","5,066",medium,7630
Graphic Designer,Male,54,3,High School,Management,3,"100,160","5,562",medium,7631
Manager,Male,48,2,PhD,Engineering,4,"157,169","5,798",medium,7632
Driver,Male,40,3,High School,Sales,2,"88,230","5,512",Junior,7633
Data Scientist,Male,44,3,High School,Sales,1,"83,674","4,854",Junior,7634
IT,Male,62,3,Masters,Engineering,4,"118,314","4,892",medium,7635
Software Engineer,Male,50,3,PhD,Sales,1,"119,522","4,650",Junior,7636
Sales Associate,Male,40,2,High School,Administration,3,"84,592","4,635",medium,7637
Sales Associate,Male,64,3,PhD,Sales,2,"121,589","5,133",Junior,7638
Warehouse Associate,Male,24,1,College,Engineering,3,"71,371","5,220",medium,7639
Data Scientist,Male,59,4,Masters,Sales,1,"96,582","6,350",Junior,7640
Data Scientist,Male,62,3,PhD,Sales,3,"108,778","4,357",medium,7641
Driver,Male,63,3,PhD,Management,4,"128,520","6,151",medium,7642
Driver,Male,31,2,High School,Administration,4,"62,753","5,735",medium,7643
Software Engineer,Male,32,1,College,Engineering,5,"128,680","4,677",medium,7644
Manager,Male,55,2,College,Management,5,"152,710","6,107",medium,7645
Software Engineer,Male,36,1,High School,Operations,5,"109,136","4,572",medium,7646
IT,Male,33,2,Masters,Sales,1,"84,878","5,009",Junior,7647
Software Engineer,Male,36,2,Masters,Administration,2,"94,745","5,930",Junior,7648
Sales Associate,Male,46,2,College,Management,2,"95,505","4,549",Junior,7649
Software Engineer,Male,25,1,High School,Engineering,4,"103,181","4,566",medium,7650
Software Engineer,Male,40,2,Masters,Sales,1,"120,096","4,690",Junior,7651
Sales Associate,Male,51,3,High School,Management,2,"98,499","6,274",Junior,7652
Manager,Male,56,2,PhD,Administration,4,"152,081","4,621",medium,7653
Manager,Male,36,2,Masters,Sales,3,"134,450","5,214",medium,7654
Manager,Male,37,2,PhD,Operations,1,"100,819","5,390",Junior,7655
Software Engineer,Male,64,2,PhD,Sales,5,"157,277","4,844",medium,7656
Driver,Male,20,2,High School,Sales,2,"68,175","5,698",Junior,7657
Software Engineer,Male,65,3,High School,Sales,2,"122,624","4,165",Junior,7658
Graphic Designer,Male,45,2,Masters,Management,2,"101,273","3,817",Junior,7659
Sales Associate,Male,18,1,Masters,Administration,3,"59,334","5,729",medium,7660
Manager,Male,43,1,PhD,Management,4,"152,625","4,702",medium,7661
Data Scientist,Male,26,1,Masters,Operations,3,"90,526","4,191",medium,7662
Manager,Male,59,3,College,Engineering,3,"133,910","5,795",medium,7663
Data Scientist,Male,41,1,College,Operations,5,"77,839","4,458",medium,7664
Driver,Male,21,1,High School,Sales,2,"61,018","5,513",Junior,7665
Driver,Male,54,3,PhD,Sales,2,"118,093","4,115",Junior,7666
Software Engineer,Male,31,1,College,Operations,4,"106,503","5,225",medium,7667
Financial Analyst,Male,55,3,College,Operations,1,"84,683","4,476",Junior,7668
Software Engineer,Male,22,1,College,Sales,1,"67,913","4,045",Junior,7669
Manager,Male,47,1,Masters,Engineering,4,"155,826","4,964",medium,7670
Software Engineer,Male,62,2,PhD,Engineering,3,"138,184","4,664",medium,7671
Sales Associate,Male,60,3,High School,Administration,3,"106,798","5,201",medium,7672
Warehouse Associate,Male,37,2,Masters,Administration,1,"82,343","5,232",Junior,7673
Sales Associate,Male,26,2,High School,Sales,2,"78,625","4,073",Junior,7674
Financial Analyst,Male,27,2,PhD,Administration,4,"99,134","6,255",medium,7675
Graphic Designer,Male,44,1,Masters,Engineering,5,"107,818","5,281",medium,7676
Manager,Male,21,1,College,Management,2,"114,621","3,927",Junior,7677
Data Scientist,Male,45,1,Masters,Operations,3,"104,290","3,474",medium,7678
Financial Analyst,Male,65,4,Masters,Sales,1,"111,403","5,078",Junior,7679
IT,Male,52,2,College,Administration,5,"93,802","5,404",medium,7680
Manager,Male,30,1,High School,Sales,5,"138,163","3,415",medium,7681
Financial Analyst,Male,50,2,Masters,Operations,3,"115,613","3,881",medium,7682
Warehouse Associate,Male,25,1,College,Operations,1,"64,994","4,310",Junior,7683
Driver,Male,53,3,PhD,Sales,2,"100,941","5,992",Junior,7684
Manager,Male,55,1,High School,Management,5,"163,208","4,095",medium,7685
Sales Associate,Male,24,1,PhD,Operations,2,"51,837","4,472",Junior,7686
Graphic Designer,Male,56,2,Masters,Management,4,"114,048","5,097",medium,7687
Software Engineer,Male,64,2,PhD,Engineering,4,"139,068","4,126",medium,7688
Sales Associate,Male,63,2,Masters,Engineering,3,"136,209","3,910",medium,7689
Software Engineer,Male,55,2,PhD,Management,3,"121,910","4,494",medium,7690
Graphic Designer,Male,43,2,PhD,Management,2,"82,057","5,268",Junior,7691
Sales Associate,Male,51,2,High School,Engineering,1,"96,023","4,148",Junior,7692
Software Engineer,Male,49,3,Masters,Administration,1,"82,277","5,460",Junior,7693
Graphic Designer,Male,29,1,Masters,Operations,3,"73,142","4,712",medium,7694
Graphic Designer,Male,53,2,High School,Operations,4,"107,065","3,652",medium,7695
Sales Associate,Male,64,2,High School,Management,3,"120,579","4,687",medium,7696
Sales Associate,Male,36,2,High School,Management,1,"49,553","5,784",Junior,7697
Driver,Male,58,2,College,Sales,4,"110,157","4,275",medium,7698
Marketing Associate,Male,47,2,PhD,Sales,3,"93,054","4,243",medium,7699
Software Engineer,Male,45,2,High School,Management,1,"81,515","5,001",Junior,7700
Driver,Male,55,2,Masters,Operations,3,"95,898","4,309",medium,7701
Warehouse Associate,Male,42,2,PhD,Operations,3,"90,000","4,774",medium,7702
Manager,Male,60,3,High School,Management,2,"111,896","5,597",Junior,7703
Driver,Male,53,1,Masters,Engineering,5,"130,082","4,734",medium,7704
Software Engineer,Male,25,1,High School,Administration,4,"81,057","5,259",medium,7705
Data Scientist,Male,41,1,High School,Management,5,"117,215","4,322",medium,7706
Financial Analyst,Male,64,1,PhD,Operations,5,"141,186","3,415",medium,7707
Manager,Male,52,2,High School,Operations,2,"114,943","3,438",Junior,7708
Data Scientist,Male,43,1,PhD,Administration,4,"107,640","3,896",medium,7709
Manager,Male,31,2,College,Operations,1,"80,259","4,791",Junior,7710
Data Scientist,Male,20,1,High School,Operations,2,"61,589","3,990",Junior,7711
Warehouse Associate,Male,35,1,High School,Administration,2,"74,829","4,263",Junior,7712
Sales Associate,Male,49,2,High School,Operations,3,"91,342","4,516",medium,7713
Sales Associate,Male,49,2,Masters,Operations,2,"101,140","4,851",Junior,7714
Marketing Associate,Male,51,2,PhD,Sales,1,"62,600","4,300",Junior,7715
Software Engineer,Male,21,1,High School,Engineering,2,"65,313","4,685",Junior,7716
Manager,Male,41,1,College,Administration,5,"123,153","4,111",medium,7717
IT,Male,27,1,High School,Management,3,"57,500","3,665",medium,7718
Manager,Male,37,1,PhD,Administration,3,"115,604","4,098",medium,7719
Software Engineer,Male,18,1,High School,Sales,1,"55,555","4,390",Junior,7720
Data Scientist,Male,58,1,PhD,Engineering,5,"124,166","3,875",medium,7721
IT,Male,50,2,Masters,Management,3,"101,050","3,879",medium,7722
Software Engineer,Male,59,1,College,Sales,5,"160,460","2,930",medium,7723
Financial Analyst,Male,45,2,High School,Administration,2,"85,947","3,909",Junior,7724
Graphic Designer,Male,59,1,PhD,Sales,4,"135,512","3,955",medium,7725
Financial Analyst,Male,64,3,High School,Administration,3,"124,151","3,392",medium,7726
Manager,Male,36,1,High School,Operations,2,"115,742","3,661",Junior,7727
IT,Male,31,1,Masters,Sales,2,"93,358","3,223",Junior,7728
IT,Male,59,3,Masters,Sales,2,"98,995","4,596",Junior,7729
IT,Male,57,3,High School,Sales,3,"109,645","5,472",medium,7730
Financial Analyst,Male,39,2,College,Sales,1,"61,609","3,738",Junior,7731
Data Scientist,Male,61,1,Masters,Administration,5,"122,352","3,590",medium,7732
Software Engineer,Male,29,1,High School,Sales,1,"86,650","3,518",Junior,7733
Data Scientist,Male,62,3,High School,Operations,2,"101,284","4,993",Junior,7734
Manager,Male,41,1,Masters,Sales,2,"119,794","3,712",Junior,7735
Graphic Designer,Male,58,2,Masters,Operations,1,"96,609","3,044",Junior,7736
Financial Analyst,Male,29,1,Masters,Operations,2,"84,725","3,274",Junior,7737
Driver,Male,33,1,High School,Management,1,"59,493","3,955",Junior,7738
Manager,Male,60,2,College,Sales,1,"131,980","3,841",Junior,7739
Data Scientist,Male,37,1,PhD,Administration,2,"78,836","3,588",Junior,7740
Driver,Male,64,2,Masters,Operations,2,"112,719","3,382",Junior,7741
Driver,Male,55,2,College,Administration,2,"103,328","4,543",Junior,7742
Financial Analyst,Male,47,2,High School,Management,1,"68,643","4,674",Junior,7743
Sales Associate,Male,45,2,High School,Engineering,1,"67,296","4,780",Junior,7744
Driver,Male,65,1,High School,Operations,5,"116,803","3,431",medium,7745
Software Engineer,Male,36,1,Masters,Operations,1,"86,375","3,368",Junior,7746
IT,Male,31,1,College,Operations,1,"49,449","4,149",Junior,7747
Software Engineer,Male,51,1,College,Management,2,"118,282","3,599",Junior,7748
IT,Male,50,1,College,Operations,3,"85,648","2,728",medium,7749
Manager,Male,58,1,PhD,Management,4,"179,726","4,284",medium,7750
Financial Analyst,Male,43,1,PhD,Sales,4,"108,719","4,143",medium,7751
IT,Male,36,1,High School,Sales,4,"109,832","3,528",medium,7752
Software Engineer,Male,60,1,PhD,Administration,4,"127,250","4,263",medium,7753
Software Engineer,Male,37,1,High School,Sales,1,"81,547","3,510",Junior,7754
Data Scientist,Male,56,1,Masters,Administration,2,"95,798","2,530",Junior,7755
Manager,Male,59,2,PhD,Administration,1,"124,782","4,618",Junior,7756
Warehouse Associate,Male,53,1,College,Operations,4,"126,256","3,463",medium,7757
Software Engineer,Male,62,1,High School,Sales,3,"124,660","2,200",medium,7758
Data Scientist,Male,65,2,Masters,Sales,2,"128,730","3,247",Junior,7759
Manager,Male,61,2,College,Sales,1,"136,836","4,070",Junior,7760
IT,Male,51,1,High School,Engineering,3,"89,272","2,600",medium,7761
Software Engineer,Male,36,1,Masters,Operations,6,"93,855","4,099",senior,7762
Graphic Designer,Male,30,1,College,Operations,2,"36,642","4,388",Junior,7763
Sales Associate,Male,60,1,College,Operations,3,"112,604","3,366",medium,7764
Data Scientist,Male,62,1,PhD,Administration,3,"123,333","3,353",medium,7765
IT,Male,62,1,PhD,Management,2,"105,771","2,978",Junior,7766
Financial Analyst,Male,39,1,College,Engineering,4,"99,643","3,789",medium,7767
Sales Associate,Male,54,1,College,Administration,3,"92,468","3,242",medium,7768
IT,Male,55,2,Masters,Operations,1,"91,447","3,196",Junior,7769
Warehouse Associate,Male,34,1,Masters,Operations,1,"45,915","4,765",Junior,7770
Sales Associate,Male,57,1,PhD,Administration,5,"113,031","3,409",medium,7771
Software Engineer,Male,62,1,High School,Sales,3,"132,815","3,367",medium,7772
Manager,Male,52,1,High School,Management,1,"110,078","1,703",Junior,7773
Data Scientist,Male,57,1,Masters,Sales,3,"106,918","3,180",medium,7774
Software Engineer,Male,60,1,High School,Administration,3,"106,045","3,079",medium,7775
Warehouse Associate,Male,65,1,High School,Operations,2,"107,479","2,051",Junior,7776
Software Engineer,Male,64,1,Masters,Sales,1,"109,606","2,193",Junior,7777
Sales Associate,Male,56,1,High School,Management,1,"88,195","2,375",Junior,7778
IT,Male,64,1,Masters,Sales,1,"92,950","2,125",Junior,7779
Sales Associate,Male,56,1,High School,Operations,1,"82,164","2,611",Junior,7780
Software Engineer,Male,62,1,High School,Management,3,"119,069","2,788",medium,7781
Manager,Male,55,1,High School,Administration,1,"120,574","2,683",Junior,7782
Data Scientist,Male,54,1,College,Sales,2,"97,311","3,083",Junior,7783
Sales Associate,Male,62,1,Masters,Administration,2,"102,593","1,823",Junior,7784
Data Scientist,Male,57,1,Masters,Sales,2,"108,977","3,567",Junior,7785
Financial Analyst,Male,48,1,High School,Operations,1,"92,347","2,724",Junior,7786
Financial Analyst,Male,65,2,High School,Administration,1,"97,376","2,225",Junior,7787
Financial Analyst,Male,60,1,PhD,Sales,2,"123,108","2,244",Junior,7788
